Aineosat,Käännös,Hiilihydraattia,Proteiinia,Rasvaa,Ravintokuita,Suolaa,Energiaa,€/kg,Egg,Meat,Honey,Gluten,Lactose,"Onion, scallots",Garlic,Wheat,Cow milk,Nuts,Peas,Rye,Apple,Potato,Fish,Herbs,Seafood,"Leek, Chive",Rice,Barley,Corn,Guinea millet,Soya,Raw tomato,Cheese,Kiwi,Shrimps,Chickpeas
Agar agar,Agar agar,0 g,0.4 g,0 g,0 g,0.44 g,0 kcal,€ 91.50,0,0,0,0,0,0,0,0,0,0,0,0,0,0,0,0,0,0,0,0,0,0,0,0,0,0,0,0
Almond (bitter aroma),manteliaromi (Karvas-),0 g,0 g,78 g,,0 g,702 kcal,€ 88.33,0,0,0,0,0,0,0,0,0,0,0,0,0,0,0,0,0,0,0,0,0,0,0,0,0,0,0,0
Almond (flour),Mantelijauho,3.4 g,24 g,58 g,7.9 g,0.03 g,631.6 kcal,€ 24.45,0,0,0,0,0,0,0,0,0,1,0,0,0,0,0,0,0,0,0,0,0,0,0,0,0,0,0,0
Apple,Omena,8 g,0.3 g,0.08 g,3.9 g,0 g,33.92 kcal,€ 2.59,0,0,0,0,0,0,0,0,0,0,0,0,1,0,0,0,0,0,0,0,0,0,0,0,0,0,0,0
Apple juice,Omenatäysmehu (luomu),10 g,0.05 g,0.05 g,0 g,0.01 g,40.65 kcal,€ 2.50,0,0,0,0,0,0,0,0,0,0,0,0,1,0,0,0,0,0,0,0,0,0,0,0,0,0,0,0
Baking powder,Leivinjauhe,0 g,0 g,0 g,0 g,0 g,0 kcal,€ 8.80,0,0,0,0,0,0,0,0,0,0,0,0,0,0,0,0,0,0,0,0,0,0,0,0,0,0,0,0
Baking soda,Ruokasooda,0 g,0 g,0 g,0 g,0 g,0 kcal,€ 6.32,0,0,0,0,0,0,0,0,0,0,0,0,0,0,0,0,0,0,0,0,0,0,0,0,0,0,0,0
Basil,Basilika,10 g,23 g,4.1 g,38 g,0 g,168.9 kcal,€ 115.00,0,0,0,0,0,0,0,0,0,0,0,0,0,0,0,1,0,0,0,0,0,0,0,0,0,0,0,0
Bay leaves (dried),Laakerinlehti,48.7 g,7.6 g,8.4 g,26.3 g,0.06 g,300.8 kcal,€ 297.50,0,0,0,0,0,0,0,0,0,0,0,0,0,0,0,1,0,0,0,0,0,0,0,0,0,0,0,0
Beans (borlotti),pavut (Borlotti-),40 g,20 g,2.4 g,18 g,0.1 g,261.6 kcal,€ 6.23,0,0,0,0,0,0,0,0,0,0,0,0,0,0,0,0,0,0,0,0,0,0,0,0,0,0,0,0
Beans (kidney),pavut (Kidney-),46 g,22.5 g,1.1 g,15.2 g,0 g,283.9 kcal,€ 6.00,0,0,0,0,0,0,0,0,0,0,0,0,0,0,0,0,0,0,0,0,0,0,0,0,0,0,0,0
"Beer, lager, alcohol-free (coop)",(Olut) alkoholiton lager,4.6 g,0.3 g,0 g,0 g,0 g,19.6 kcal,€ 1.33,0,0,0,1,0,0,0,0,0,0,0,0,0,0,0,0,0,0,0,1,0,0,0,0,0,0,0,0
"Beer, lager, alcohol-free, gluten-free (kulkko)","Olut, alkoholiton gluteeniton lager ",2.5 g,0.6 g,0 g,0 g,0 g,12.4 kcal,€ 3.94,0,0,0,0,0,0,0,0,0,0,0,0,0,0,0,0,0,0,0,0,0,0,0,0,0,0,0,0
Beet (black),Juuri (Musta-),10 g,1.7 g,0.2 g,2 g,0 g,48.6 kcal,€ 11.00,0,0,0,0,0,0,0,0,0,0,0,0,0,0,0,0,0,0,0,0,0,0,0,0,0,0,0,0
Beetroots,Juuri (Puna-),13 g,2.2 g,0.2 g,3.8 g,0 g,62.6 kcal,€ 3.00,0,0,0,0,0,0,0,0,0,0,0,0,0,0,0,0,0,0,0,0,0,0,0,0,0,0,0,0
Bread pita (wheat),Leipä (Pita-),42 g,7.9 g,1.2 g,3.5 g,1.2 g,210.4 kcal,€ 6.84,0,0,0,1,0,0,0,1,0,0,0,0,0,0,0,0,0,0,0,0,0,0,0,0,0,0,0,0
Breadcrumbs,Korppujauho,70 g,13 g,1.6 g,3.9 g,1.1 g,346.4 kcal,€ 2.50,0,0,0,1,0,0,0,1,0,0,0,0,0,0,0,0,0,0,0,0,0,0,0,0,0,0,0,0
Breadcrumbs (Gluten-free),korppujauho (Gluteeniton),76.2 g,3.2 g,5.3 g,4.6 g,1.4 g,365.3 kcal,€ 7.57,0,0,0,0,0,0,0,1,0,0,0,0,0,0,0,0,0,0,0,0,0,0,0,0,0,0,0,0
Broad bean,Härkäpavut,58.3 g,33 g,1 g,8.8 g,0 g,374.2 kcal,€ 4.00,0,0,0,0,0,0,0,0,0,0,0,0,0,0,0,0,0,0,0,0,0,0,0,0,0,0,0,0
Broccoli,Parsikaali,18.3 g,1.06 g,0.4 g,1.8 g,0 g,81.04 kcal,€ 4.97,0,0,0,0,0,0,0,0,0,0,0,0,0,0,0,0,0,0,0,0,0,0,0,0,0,0,0,0
Broth (vegetable gluten-free),liemikuutio (Kasvis-),22.8,2.7,18.3,0,51.5,266.7 kcal,€ 18.65,0,0,0,0,0,1,1,0,0,0,0,0,0,0,0,0,0,1,0,0,0,0,0,0,0,0,0,0
Buckwheat (flakes),Tattarihiutale,61.5 g,13.2 g,3.4 g,10 g,0 g,329.4 kcal,€ 10.00,0,0,0,0,0,0,0,0,0,0,0,0,0,0,0,0,0,0,0,0,0,0,0,0,0,0,0,0
Buckwheat (flour),Tattarijauho,63 g,12.6 g,3.1 g,5.9 g,0 g,330.3 kcal,€ 7.00,0,0,0,0,0,0,0,0,0,0,0,0,0,0,0,0,0,0,0,0,0,0,0,0,0,0,0,0
Bulgur,Bulgur,68 g,11.5 g,1.5 g,10 g,0.04 g,331.5 kcal,€ 3.90,0,0,0,1,0,0,0,1,0,0,0,0,0,0,0,0,0,0,0,0,0,0,0,0,0,0,0,0
Butter (cow),Voi,0.8 g,0.6 g,80 g,0 g,1.4 g,725.6 kcal,€ 12.00,0,0,0,0,0,0,0,0,1,0,0,0,0,0,0,0,0,0,0,0,0,0,0,0,0,0,0,0
Cabbage,Kaali,5.6 g,1.4 g,0.1 g,2.3 g,0 g,28.9 kcal,€ 4.50,0,0,0,0,0,0,0,0,0,0,0,0,0,0,0,0,0,0,0,0,0,0,0,0,0,0,0,0
Cardamome,Kardemumma,0 g,0 g,0 g,0 g,0 g,0 kcal,€ 100.00,0,0,0,0,0,0,0,0,0,0,0,0,0,0,0,0,0,0,0,0,0,0,0,0,0,0,0,0
Carrots,Porkkana,9.6 g,0.9 g,0.2 g,2.8 g,0 g,43.8 kcal,€ 2.80,0,0,0,0,0,0,0,0,0,0,0,0,0,0,0,0,0,0,0,0,0,0,0,0,0,0,0,0
Cashew,Cashewpähkinä,19 g,20 g,46 g,3.5 g,0 g,570 kcal,€ 20.00,0,0,0,0,0,0,0,0,0,0,0,0,0,0,0,0,0,0,0,0,0,0,0,0,0,0,0,0
Cauliflower,Kukkakaali,2.4 g,2 g,0.2 g,2.2 g,0 g,19.4 kcal,€ 5.69,0,0,0,0,0,0,0,0,0,0,0,0,0,0,0,0,0,0,0,0,0,0,0,0,0,0,0,0
Celeriac,Juuriselleri,9.2 g,1.5 g,0.3 g,1.8 g,0 g,45.5 kcal,€ 9.00,0,0,0,0,0,0,0,0,0,0,0,0,0,0,0,0,0,0,0,0,0,0,0,0,0,0,0,0
Celery,Selleri,9.2 g,1.5 g,0.3 g,2 g,,45.5 kcal,€ 3.69,0,0,0,0,0,0,0,0,0,0,0,0,0,0,0,0,0,0,0,0,0,0,0,0,0,0,0,0
"Cheese, lactose-free fresh unflavored",Valio Viola® e200 g maustamaton tuorejuusto laktoositon,6.3 g,6.3 g,25 g,0 g,1 g,275.4 kcal,€ 11.45,0,0,0,0,0,0,0,0,1,0,0,0,0,0,0,0,0,0,0,0,0,0,0,0,1,0,0,0
Chia seeds,Chia-siemen,5 g,20 g,32 g,31 g,0 g,388 kcal,€ 12.00,0,0,0,0,0,0,0,0,0,0,0,0,0,0,0,0,0,0,0,0,0,0,0,0,0,0,0,0
Chickpeas,Kikherneet,46 g,20 g,5 g,11 g,0 g,309 kcal,€ 5.00,0,0,0,0,0,0,0,0,0,0,0,0,0,0,0,0,0,0,0,0,0,0,0,0,0,0,0,1
Chickpeas (flour),Kikhernejauho (luomu),46 g,20 g,5.5 g,11 g,0.1 g,313.5 kcal,€ 6.43,0,0,0,0,0,0,0,0,0,0,0,0,0,0,0,0,0,0,0,0,0,0,0,0,0,0,0,1
Cinnamon (powder),Kaneli,27 g,4 g,1.2 g,53 g,0 g,134.8 kcal,€ 50.00,0,0,0,0,0,0,0,0,0,0,0,0,0,0,0,0,0,0,0,0,0,0,0,0,0,0,0,0
Cinnamon (stick),Kanelitanko,27.5 g,3.99 g,1.24 g,53 g,0.03 g,137.12 kcal,€ 99.33,0,0,0,0,0,0,0,0,0,0,0,0,0,0,0,0,0,0,0,0,0,0,0,0,0,0,0,0
Citric acit,Sitruunahappo,0 g,0 g,0 g,0 g,0 g,0 kcal,€ 11.36,0,0,0,0,0,0,0,0,0,0,0,0,0,0,0,0,0,0,0,0,0,0,0,0,0,0,0,0
Cloves (powder),Neilikka jauhettu,31 g,6 g,13 g,33.9 g,0.71 g,265 kcal,€ 58.33,0,0,0,0,0,0,0,0,0,0,0,0,0,0,0,0,0,0,0,0,0,0,0,0,0,0,0,0
Cloves (whole),Neilikka kokonainen,31 g,6 g,13 g,33.9 g,0.71 g,265 kcal,€ 92.67,0,0,0,0,0,0,0,0,0,0,0,0,0,0,0,0,0,0,0,0,0,0,0,0,0,0,0,0
Cocoa powder,Kaakaojauhe,22 g,28 g,12 g,20 g,0.1 g,308 kcal,€ 25.00,0,0,0,0,0,0,0,0,0,0,0,0,0,0,0,0,0,0,0,0,0,0,0,0,0,0,0,0
Coconut (butter),Kookosöljy,0 g,0 g,100 g,0 g,0 g,900 kcal,€ 11.56,0,0,0,0,0,0,0,0,0,0,0,0,0,0,0,0,0,0,0,0,0,0,0,0,0,0,0,0
Coconut (flour),Kokoshiutale,7.4 g,6.9 g,65 g,,0.09 g,642.2 kcal,€ 11.45,0,0,0,0,0,0,0,0,0,0,0,0,0,0,0,0,0,0,0,0,0,0,0,0,0,0,0,0
Coconut (milk),Kookosmaito,2.7 g,1.9 g,18 g,0 g,0 g,180.4 kcal,€ 7.00,0,0,0,0,0,0,0,0,0,0,0,0,0,0,0,0,0,0,0,0,0,0,0,0,0,0,0,0
Cocumber,Kurkku,13.2 g,1.6 g,0.097 g,0.8 g,0.0022 g,60.073 kcal,€ 13.27,0,0,0,0,0,0,0,0,0,0,0,0,0,0,0,0,0,0,0,0,0,0,0,0,0,0,0,0
"Coffee (luomu, Rainbow)",Luomukahvia,,,,,,,€ 11.09,0,0,0,0,0,0,0,0,0,0,0,0,0,0,0,0,0,0,0,0,0,0,0,0,0,0,0,0
Cookies Maria,keksi (Marie),75 g,8.4 g,14 g,2.8 g,1.1 g,459.6 kcal,€ 6.25,0,0,0,1,0,0,0,1,0,0,0,0,0,0,0,0,0,0,0,0,0,0,0,0,0,0,0,0
Corn (flour),maissijauho (Täysjyvä-),73 g,6.6 g,3.5 g,3.4 g,0 g,349.9 kcal,€ 5.00,0,0,0,0,0,0,0,0,0,0,0,0,0,0,0,0,0,0,0,0,1,0,0,0,0,0,0,0
Corn (starch),Maissitärkkelys,82 g,0 g,0 g,1 g,0 g,328 kcal,€ 3.00,0,0,0,0,0,0,0,0,0,0,0,0,0,0,0,0,0,0,0,0,1,0,0,0,0,0,0,0
"Cottage cheese (organic, lactose-free)","Rae-juusto (luomu, laktoositon)",2 g,14 g,2 g,0 g,0.69 g,82 kcal,€ 11.94,0,0,0,0,0,0,0,0,1,0,0,0,0,0,0,0,0,0,0,0,0,0,0,0,0,0,0,0
Couscous,Couscous,68 g,14 g,2 g,,0 g,346 kcal,€ 3.58,0,0,0,1,0,0,0,1,0,0,0,0,0,0,0,0,0,0,0,0,0,0,0,0,0,0,0,0
Cream (cow),Ruokakerma,3.8 g,3.1 g,6 g,0 g,0.1 g,81.6 kcal,€ 4.50,0,0,0,0,1,0,0,0,1,0,0,0,0,0,0,0,0,0,0,0,0,0,0,0,0,0,0,0
"Cream,organic heavy lactose-free (cow)",Laktoositon kuohukerma (luomu),3 g,2 g,35 g,0 g,0.07 g,335 kcal,€ 7.45,0,0,0,0,0,0,0,0,1,0,0,0,0,0,0,0,0,0,0,0,0,0,0,0,0,0,0,0
Crispbread,Näkkileipä,58 g,10 g,2.5 g,20 g,1.4 g,294.5 kcal,€ 3.91,0,0,0,0,0,0,0,0,0,0,0,1,0,0,0,0,0,0,0,0,0,0,0,0,0,0,0,0
Crispbread (gluten-free),näkkileipä (Gluteeniton),77 g,5.1 g,2 g,6.4 g,0.98 g,346.4 kcal,€ 10.53,0,0,0,0,0,0,0,1,1,0,0,0,0,0,0,0,0,0,0,0,0,0,0,0,0,0,0,0
Cumin,Kumina,0 g,0 g,0 g,0 g,0 g,0 kcal,€ 28.00,0,0,0,0,0,0,0,0,0,0,0,0,0,0,0,0,0,0,0,0,0,0,0,0,0,0,0,0
Curry powder,Currymauste,29 g,14 g,11 g,30 g,0 g,271 kcal,€ 26.00,0,0,0,0,0,0,0,0,0,0,0,0,0,0,0,0,0,0,0,0,0,0,0,0,0,0,0,0
Dates (organic),Taateli (luomu),75 g,2 g,0.5 g,6.4 g,0.02 g,312.5 kcal,€ 8.73,0,0,0,0,0,0,0,0,0,0,0,0,0,0,0,0,0,0,0,0,0,0,0,0,0,0,0,0
Dill (dry),Tilli (kuivattu),42.2 g,20 g,4.4 g,13.6 g,0.53 g,288.4 kcal,€ 81.25,0,0,0,0,0,0,0,0,0,0,0,0,0,0,0,1,0,0,0,0,0,0,0,0,0,0,0,0
Dill (fresh),tilli (Tuore),13.2 g,1.6 g,0.097 g,0.8 g,0.022 g,60.073 kcal,€ 39.67,0,0,0,0,0,0,0,0,0,0,0,0,0,0,0,1,0,0,0,0,0,0,0,0,0,0,0,0
Dry yeast,hiiva (Kuiva-),0 g,0 g,0 g,1 g,0 g,0 kcal,€ 15.00,0,0,0,0,0,0,0,0,0,0,0,0,0,0,0,0,0,0,0,0,0,0,0,0,0,0,0,0
Durum wheat (flour),venhäjauho (Durum-),77 g,9.8 g,0 g,3.6 g,0 g,347.2 kcal,€ 1.89,0,0,0,1,0,0,0,1,0,0,0,0,0,0,0,0,0,0,0,0,0,0,0,0,0,0,0,0
Eggplant (luomu),Munakoiso,8.7 g,0.8 g,0.2 g,2.4 g,0 g,39.8 kcal,€ 6.62,0,0,0,0,0,0,0,0,0,0,0,0,0,0,0,0,0,0,0,0,0,0,0,0,0,0,0,0
Eggs,Muna,0 g,13 g,10 g,0 g,0.3 g,142 kcal,€ 5.70,1,0,0,0,0,0,0,0,0,0,0,0,0,0,0,0,0,0,0,0,0,0,0,0,0,0,0,0
Fennel,Fenkoli (luomu),7 g,1.2 g,0.2 g,3.1 g,0 g,34.6 kcal,€ 13.00,0,0,0,0,0,0,0,0,0,0,0,0,0,0,0,0,0,0,0,0,0,0,0,0,0,0,0,0
Fennel seeds,Fenkoli kokoainen,52.3 g,15.8 g,14.9 g,39.8 g,0.22 g,406.5 kcal,€ 39.60,0,0,0,0,0,0,0,0,0,0,0,0,0,0,0,0,0,0,0,0,0,0,0,0,0,0,0,0
Feta (sheep and goat),Fetajuusto,0 g,15 g,15 g,0 g,1 g,195 kcal,€ 15.93,0,0,0,0,0,0,0,0,0,0,0,0,0,0,0,0,0,0,0,0,0,0,0,0,0,0,0,0
Figs (dried),viikunat (kuivatut),55.5 g,2.8 g,1.9 g,13.1 g,0.2 g,250.3 kcal,€ 9.00,0,0,0,0,0,0,0,0,0,0,0,0,0,0,0,0,0,0,0,0,0,0,0,0,0,0,0,0
Flax seeds,Pellavansiemen,18 g,25 g,31 g,18 g,0 g,451 kcal,€ 6.00,0,0,0,0,0,0,0,0,0,0,0,0,0,0,0,0,0,0,0,0,0,0,0,0,0,0,0,0
Garlic,Valkosipuli,1.6 g,3.9 g,0.5 g,3.5 g,0 g,26.5 kcal,€ 4.69,0,0,0,0,0,0,1,0,0,0,0,0,0,0,0,0,0,0,0,0,0,0,0,0,0,0,0,0
Ginger powder,Inkiväärijauhe,34 g,7.8 g,1.4 g,9.1 g,0 g,179.8 kcal,€ 61.00,0,0,0,0,0,0,0,0,0,0,0,0,0,0,0,0,0,0,0,0,0,0,0,0,0,0,0,0
Gluten-free bun and donut flour mixture,Gluteeniton jauhoseos (pulla ja munkki ),81.5 g,1.8 g,0.4 g,6 g,1.3 g,336.8 kcal,€ 5.00,0,0,0,0,0,0,0,0,0,0,0,0,0,1,0,0,0,0,1,0,1,0,0,0,0,0,0,0
Gluten-free mix,Vaalea gluteeniton jauhoseos,73.8 g,5.9 g,1.4 g,5 g,0.1 g,331.4 kcal,€ 6.30,0,0,0,0,0,0,0,0,0,0,0,0,0,1,0,0,0,0,1,0,1,0,0,0,0,0,0,0
Gluten-free pizza flour mixture,Gluteeniton pizzajauho (myllärin),74 g,4.3 g,1.9 g,2.8 g,2.4 g,330.3 kcal,€ 6.50,0,0,0,0,0,0,0,0,0,0,0,0,0,1,0,0,0,0,1,0,1,1,0,0,0,0,0,0
Gluten-free sorgum flour mix (Virtasalmen Viljatuote),Gluteeniton Durrajauhoseos (Virtasalmen Viljatuote),68.5 g,6.6 g,2.3 g,8.1 g,0.1 g,321.1 kcal,€ 6.78,0,0,0,0,0,0,0,0,0,0,0,0,0,1,0,0,0,0,0,0,0,0,0,0,0,0,0,0
Gouda,Goudajuusto,0 g,25 g,28 g,0 g,1.8 g,352 kcal,€ 10.78,0,0,0,0,0,0,0,0,0,0,0,0,0,0,0,0,0,0,0,0,0,0,0,0,1,0,0,0
Guanciale/pancetta,Guanciale/pancetta,0 g,4 g,95 g,0 g,1.5 g,655 kcal,€ 29.90,0,1,0,0,0,0,0,0,,0,0,0,0,0,0,0,0,0,0,0,0,0,0,0,0,0,0,0
Ham (Zimbo Schwarzwaldin),Kinkku (Zimbo Schwarzwaldin),0 g,31 g,9 g,0 g,4.5 g,205 kcal,€ 19.50,0,1,0,0,0,0,0,0,0,0,0,0,0,0,0,0,0,0,0,0,0,0,0,0,0,0,0,0
Honey,Hunaja,83 g,0 g,0 g,0 g,0 g,332 kcal,€ 9.86,0,0,1,0,0,0,0,0,0,0,0,0,0,0,0,0,0,0,0,0,0,0,0,0,0,0,0,0
Lemon (juice),Sitruuna,1.95 g,0.12 g,0.03 g,0 g,0 g,8.55 kcal,€ 8.00,0,0,0,0,0,0,0,0,0,0,0,0,0,0,0,0,0,0,0,0,0,0,0,0,0,0,0,0
Lentils (black),linssit (mustat),41 g,26 g,1.1 g,18 g,0.02 g,277.9 kcal,€ 7.13,0,0,0,0,0,0,0,0,0,0,0,0,0,0,0,0,0,0,0,0,0,0,0,0,0,0,0,0
Lentils (green),linssit (vihreät),45.6 g,24.4 g,1.1 g,10 g,0.3 g,289.9 kcal,€ 5.00,0,0,0,0,0,0,0,0,0,0,0,0,0,0,0,0,0,0,0,0,0,0,0,0,0,0,0,0
Lentils (red),linssit (Punaiset),45.8 g,23.8 g,1.3 g,10 g,0.9 g,290.1 kcal,€ 5.00,0,0,0,0,0,0,0,0,0,0,0,0,0,0,0,0,0,0,0,0,0,0,0,0,0,0,0,0
Lettuce,Salaatti,13.2 g,1.6 g,0.097 g,0.8 g,0.0022 g,60.073 kcal,€ 6.54,0,0,0,0,0,0,0,0,0,0,0,0,0,0,0,0,0,0,0,0,0,0,0,0,0,0,0,0
Limoncello,Limoncello,27 g,0 g,0 g,0 g,0 g,288 kcal,€ 20.00,0,0,0,0,0,0,0,0,0,0,0,0,0,0,0,0,0,0,0,0,0,0,0,0,0,0,0,0
Lingonberry,Puolukka,8.9 g,0.5 g,0.7 g,2.6 g,0 g,223.9 kcal,€ 6.25,0,0,0,0,0,0,0,0,0,0,0,0,0,0,0,0,0,0,0,0,0,0,0,0,0,0,0,0
Lupin flour,Lupiinijauho,10 g,43 g,12 g,28 g,0 g,500 kcal,€ 14.90,0,0,0,0,0,0,0,0,0,0,0,0,0,0,0,0,0,0,0,0,0,0,0,0,0,0,0,0
"Makkara (vegan, lactose-free, soy-free)","Makkara (vegaaninen, loktoositon, soijaton)",12.1 g,10 g,15.2 g,4.5 g,1.55 g,225.2 kcal,€ 13.63,0,0,0,0,0,0,0,0,0,0,0,0,0,0,0,0,0,0,0,0,0,0,0,0,0,0,0,0
Makkara 10% fat,Makkara 10% rasvaa,11 g,9 g,10 g,0 g,2.2 g,170 kcal,€ 5.78,0,1,0,0,0,0,0,0,0,0,0,0,0,1,0,0,0,0,0,0,0,0,0,0,0,0,0,1
"Malt, rye (powder)",Ruismallas,71 g,11 g,1.4 g,11 g,0 g,340.6 kcal,€ 5.29,0,0,0,1,0,0,0,0,0,0,0,1,0,0,0,0,0,0,0,0,0,0,0,0,0,0,0,0
Margarine,Margariini,0.5 g,0.4 g,75 g,0 g,1.4 g,678.6 kcal,€ 6.00,0,0,0,0,0,0,0,0,0,0,0,0,0,0,0,0,0,0,0,0,0,0,0,0,0,0,0,0
Marjoram,Meirami,20.3 g,12.7 g,7 g,40 g,0.2 g,195 kcal,€ 112.00,0,0,0,0,0,0,0,0,0,0,0,0,0,0,0,1,0,0,0,0,0,0,0,0,0,0,0,0
Mayonnaise,Majoneesi,1.3 g,1.1 g,79 g,0 g,1.5 g,720.6 kcal,€ 10.00,1,0,0,0,0,0,0,0,0,0,0,0,0,0,0,0,0,0,0,0,0,0,0,0,0,0,0,0
Meat (minced 12% fat),Nauta jauheliha 10%,0 g,19 g,12 g,0 g,0.14 g,184 kcal,€ 15.87,0,1,0,0,0,0,0,0,0,0,0,0,0,0,0,0,0,0,0,0,0,0,0,0,0,0,0,0
Melon (honey yellow),meloni (Hunaja-),16.3 g,7.9 g,0.6 g,2.1 g,0 g,102.2 kcal,€ 2.89,0,0,0,0,0,0,0,0,0,0,0,0,0,0,0,0,0,0,0,0,0,0,0,0,0,0,0,0
Milk full fat (cow),Maito (Täys-),4.8 g,3.2 g,3.5 g,0 g,0 g,63.5 kcal,€ 1.55,0,0,0,0,1,0,0,0,1,0,0,0,0,0,0,0,0,0,0,0,0,0,0,0,0,0,0,0
Milk full fat lactose-free (cow),"Maito (Täys-, laktoositon)",3.1 g,3.2 g,3 g,0 g,0.1 g,52.2 kcal,€ 2.29,0,0,0,0,0,0,0,0,1,0,0,0,0,0,0,0,0,0,0,0,0,0,0,0,0,0,0,0
Milk light lactose-free (cow),"Maito (Kevyt-, laktoositon)",3.1 g,3.3 g,1.5 g,0 g,0.1 g,39.1 kcal,€ 2.19,0,0,0,0,0,0,0,0,1,0,0,0,0,0,0,0,0,0,0,0,0,0,0,0,0,0,0,0
Millet (flakes),Hirssihiutale,72 g,13 g,3.3 g,21 g,0 g,369.7 kcal,€ 5.88,0,0,0,0,0,0,0,0,0,0,0,0,0,0,0,0,0,0,0,0,0,0,0,0,0,0,0,0
Mint (dried),Minttu kuivattu,22 g,20 g,6 g,30 g,0 g,222 kcal,€ 136.25,0,0,0,0,0,0,0,0,0,0,0,0,0,0,0,0,0,0,0,0,0,0,0,0,0,0,0,0
Miso paste dark (vitasia),Misotahna,18.1 g,11.1 g,5.1 g,0 g,12 g,162.7 kcal,€ 15.00,0,0,0,0,0,0,0,0,0,0,0,0,0,0,0,0,0,0,1,0,0,0,1,0,0,0,0,0
Mozzarella (lactose-free),Mozzarella (laktoositon),1 g,17 g,17 g,0 g,0.4 g,225 kcal,€ 15.12,0,0,0,0,0,0,0,0,1,0,0,0,0,0,0,0,0,0,0,0,0,0,0,0,1,0,0,0
Mozzarella bio (Castelli),Mozzarella luomu (Castelli),1 g,17 g,17 g,0 g,0.4 g,225 kcal,€ 14.00,0,0,0,0,1,0,0,0,1,0,0,0,0,0,0,0,0,0,0,0,0,0,0,0,1,0,0,0
Mozzarella vegan (violife),"Mozzarella (vagaaninen, violife)",21 g,0 g,21 g,0 g,2.3 g,273 kcal,€ 12.75,0,0,0,0,0,0,0,0,0,0,0,0,0,1,0,0,0,0,0,0,1,0,0,0,0,0,0,0
Mustard,Sinappi Luomu Makea,50 g,3.6 g,1.1 g,0 g,0 g,224.3 kcal,€ 13.52,0,0,0,0,0,0,0,0,0,0,0,0,0,0,0,0,0,0,0,0,0,0,0,0,0,0,0,0
Nutmeg,Muskottipähkinä jauhettu,28.5 g,5.8 g,36.3 g,20.8 g,0.04 g,463.9 kcal,€ 77.83,0,0,0,0,0,0,0,0,0,1,0,0,0,0,0,0,0,0,0,0,0,0,0,0,0,0,0,0
Nutritional yeast,Ravintohiivahiutale,37 g,47 g,5 g,21 g,0.06 g,381 kcal,€ 49.50,0,0,0,0,0,0,0,0,0,0,0,0,0,0,0,0,0,0,0,0,0,0,0,0,0,0,0,0
Oat (flakes),Kaurahiutale,53 g,13 g,6.6 g,14 g,0 g,323.4 kcal,€ 3.80,0,0,0,0,0,0,0,0,0,0,0,0,0,0,0,0,0,0,0,0,0,0,0,0,0,0,0,0
Oat (flour),Kaurajauhe,59 g,13 g,6.9 g,10 g,0 g,350.1 kcal,€ 4.00,0,0,0,0,0,0,0,0,0,0,0,0,0,0,0,0,0,0,0,0,0,0,0,0,0,0,0,0
Oat (milk cream),Kaurakasvirasvasekoite,6.7 g,0.6 g,3 g,0.5 g,0.1 g,56.2 kcal,€ 1.89,0,0,0,0,0,0,0,0,0,0,0,0,0,0,0,0,0,0,0,0,0,0,0,0,0,0,0,0
Oat (milk),Kaurajuoma,6 g,1 g,1 g,0 g,0 g,37 kcal,€ 2.50,0,0,0,0,0,0,0,0,0,0,0,0,0,0,0,0,0,0,0,0,0,0,0,0,0,0,0,0
Oil (cold-pressed sesam),öljy (Kylmäpuristettu Seesami-),0 g,0 g,100 g,0 g,0 g,900 kcal,€ 14.58,0,0,0,0,0,0,0,0,0,0,0,0,0,0,0,0,0,0,0,0,0,0,0,0,0,0,0,0
Oil (fry),öljy (Paisto-),0 g,0 g,100 g,0 g,0 g,900 kcal,€ 2.70,0,0,0,0,0,0,0,0,0,0,0,0,0,0,0,0,0,0,0,0,0,0,0,0,0,0,0,0
Oil (olive),öljy (Oliivi-),0 g,0 g,100 g,0 g,0 g,900 kcal,€ 17.80,0,0,0,0,0,0,0,0,0,0,0,0,0,0,0,0,0,0,0,0,0,0,0,0,0,0,0,0
Oil (rypsi),öljy (Rypsi-),0 g,0 g,100 g,0 g,0 g,900 kcal,€ 8.30,0,0,0,0,0,0,0,0,0,0,0,0,0,0,0,0,0,0,0,0,0,0,0,0,0,0,0,0
Olives in lightning,Oliivi suolavedessä,0 g,1 g,17 g,,3 g,157 kcal,€ 5.89,0,0,0,0,0,0,0,0,0,0,0,0,0,0,0,0,0,0,0,0,0,0,0,0,0,0,0,0
Onion,Sipuli,5.6 g,0.6 g,0.2 g,2.5 g,0 g,26.6 kcal,€ 1.19,0,0,0,0,0,1,0,0,0,0,0,0,0,0,0,0,0,0,0,0,0,0,0,0,0,0,0,0
Oregano (dried),Oregano Luomu (Santa Maria),26 g,9 g,4.3 g,43 g,0.06 g,178.7 kcal,€ 194.44,0,0,0,0,0,0,0,0,0,0,0,0,0,0,0,1,0,0,0,0,0,0,0,0,0,0,0,0
Paprika (powder),Paprika Luomu (Santa Maria),19 g,14 g,13 g,35 g,0.17 g,249 kcal,€ 70.83,0,0,0,0,0,0,0,0,0,0,0,0,0,0,0,0,0,0,0,0,0,0,0,0,0,0,0,0
Parmigiano (castelli luomu),Parmigianojuusto (Castelli luomu),0 g,32 g,30 g,0 g,1.6 g,398 kcal,€ 32.95,0,0,0,0,0,0,0,0,1,0,0,0,0,0,0,0,0,0,0,0,0,0,0,0,1,0,0,0
Parmigiano vegan (violife),parmigianojuusto (vegaaninen),30 g,1.6 g,17 g,0 g,3.5 g,279.4 kcal,€ 28.60,0,0,0,0,0,0,0,0,0,0,0,0,0,0,0,0,0,0,1,0,0,0,0,0,0,0,0,0
Parsnips,Palsternakka,17 g,1.3 g,0.3 g,3.6 g,0 g,75.9 kcal,€ 7.00,0,0,0,0,0,0,0,0,0,0,0,0,0,0,0,0,0,0,0,0,0,0,0,0,0,0,0,0
Pasta (gluten free),Pasta (gluteeniton),73 g,6 g,2 g,3 g,0 g,334 kcal,€ 6.00,0,0,0,0,0,0,0,0,0,0,0,0,0,0,0,0,0,0,0,0,0,0,0,0,0,0,0,0
Pasta (wheat),Pasta (venhä),70 g,14 g,1.5 g,3 g,0 g,349.5 kcal,€ 2.50,0,0,0,1,0,0,0,1,0,0,0,0,0,0,0,0,0,0,0,0,0,0,0,0,0,0,0,0
Pasta (whole grain),Pasta (Täysjyvävenhä),66 g,12 g,2.2 g,8 g,0 g,331.8 kcal,€ 5.00,0,0,0,1,0,0,0,1,0,0,0,0,0,0,0,0,0,0,0,0,0,0,0,0,0,0,0,0
Peas,herneet (vihreät),50 g,22 g,2.4 g,13 g,0.1 g,309.6 kcal,€ 1.90,0,0,0,0,0,0,0,0,0,0,1,0,0,0,0,0,0,0,0,0,0,0,0,0,0,0,0,0
Peas (frozen),Herneet (pakaste),9.5 g,5.6 g,0.8 g,3.1 g,0 g,67.6 kcal,€ 5.25,0,0,0,0,0,0,0,0,0,0,1,0,0,0,0,0,0,0,0,0,0,0,0,0,0,0,0,0
Pepper (black),Pippuri,0 g,0 g,0 g,0 g,0 g,0 kcal,€ 35.00,0,0,0,0,0,0,0,0,0,0,0,0,0,0,0,0,0,0,0,0,0,0,0,0,0,0,0,0
"Pepper (red, yellow, green)","Paprika (punainen, keltainen, vihreä)",3.45 g,0.56 g,0.3 g,1.4 g,0 g,18.74 kcal,€ 6.00,0,0,0,0,0,0,0,0,0,0,0,0,0,0,0,0,0,0,0,0,0,0,0,0,0,0,0,0
"Piimä (skimmed, lactose-free)","Piima (laktoositon, rasvaton)",4.5 g,3.3 g,0 g,0 g,0.1 g,31.2 kcal,€ 1.45,0,0,0,0,0,0,0,0,1,0,0,0,0,0,0,0,0,0,0,0,0,0,0,0,0,0,0,0
"Piimä (skimmed, organic)","Piimä (luomu, rasvaton)",3.8 g,3.3 g,0 g,0 g,0.1 g,28.4 kcal,€ 1.99,0,0,0,0,1,0,0,0,1,0,0,0,0,0,0,0,0,0,0,0,0,0,0,0,0,0,0,0
Piimä (skimmed),Piimä (rasvaton),4.7 g,3.3 g,0 g,0 g,0.1 g,32 kcal,€ 1.09,0,0,0,0,1,0,0,0,1,0,0,0,0,0,0,0,0,0,0,0,0,0,0,0,0,0,0,0
Pistachio,Pistaasipähkinät ,17 g,21 g,46 g,,0 g,566 kcal,€ 45.57,0,0,0,0,0,0,0,0,0,1,0,0,0,0,0,0,0,0,0,0,0,0,0,0,0,0,0,0
"Popcorn (salty, microwave)",popcorn (suolattu mokro-),50 g,9 g,19 g,,2.5 g,407 kcal,€ 2.97,0,0,0,0,0,0,0,0,0,0,0,0,0,0,0,0,0,0,0,0,1,0,0,0,0,0,0,0
Potato (flour),Perunajauho,82 g,0.1 g,0 g,1 g,0 g,328.4 kcal,€ 2.98,0,0,0,0,0,0,0,0,0,0,0,0,0,1,0,0,0,0,0,0,0,0,0,0,0,0,0,0
Potatoes,Peruna,21 g,2.5 g,0.1 g,2.2 g,0 g,94.9 kcal,€ 2.20,0,0,0,0,0,0,0,0,0,0,0,0,0,1,0,0,0,0,0,0,0,0,0,0,0,0,0,0
Potatosalad,Perunasalaatti,14 g,1.5 g,19 g,0.7 g,0.63 g,233 kcal,€ 5.73,1,0,0,0,0,1,0,0,0,0,0,0,0,1,0,0,0,0,0,0,0,0,0,0,0,0,0,0
Président Brie Bio,Président Brie Luomu,0.5 g,17 g,31 g,0 g,1.2 g,349 kcal,€ 19.75,0,0,0,0,0,0,0,0,0,0,0,0,0,0,0,0,0,0,0,0,0,0,0,0,1,0,0,0
Psyllium,Psyllium,0 g,2 g,1 g,85 g,0.2 g,17 kcal,€ 24.45,0,0,0,0,0,0,0,0,0,0,0,0,0,0,0,0,0,0,0,0,0,0,0,0,0,0,0,0
Pumpkin,Kurpitsa,12 g,1 g,0.1 g,2 g,0 g,52.9 kcal,€ 2.09,0,0,0,0,0,0,0,0,0,0,0,0,0,0,0,0,0,0,0,0,0,0,0,0,0,0,0,0
Pumpkin seeds,Kurpitsansiemen,4.7 g,30 g,49 g,6 g,0 g,579.8 kcal,€ 14.00,0,0,0,0,0,0,0,0,0,0,0,0,0,0,0,0,0,0,0,0,0,0,0,0,0,0,0,0
Quinoa tricolor,Kvinoa,61.9 g,13.6 g,6.6 g,6.2 g,0 g,361.4 kcal,€ 12.48,0,0,0,0,0,0,0,0,0,0,0,0,0,0,0,0,0,0,0,0,0,0,0,0,0,0,0,0
Raisins,Rusina,74 g,3.5 g,1.6 g,3.6 g,0.02 g,324.4 kcal,€ 8.58,0,0,0,0,0,0,0,0,0,0,0,0,0,0,0,0,0,0,0,0,0,0,0,0,0,0,0,0
Rice (basmati whole grain),riisi (Täysjyväbasmati-),72 g,9.8 g,3 g,1.4 g,0 g,354.2 kcal,€ 6.32,0,0,0,0,0,0,0,0,0,0,0,0,0,0,0,0,0,0,1,0,0,0,0,0,0,0,0,0
Rice (basmati),riisi (Basmati-),76 g,8.9 g,1.4 g,2.2 g,0 g,352.2 kcal,€ 2.89,0,0,0,0,0,0,0,0,0,0,0,0,0,0,0,0,0,0,1,0,0,0,0,0,0,0,0,0
"Rice (brown, flour)",Täysjyväriisijauho,72.8 g,7.5 g,2.7 g,3.4 g,0.1 g,345.5 kcal,€ 6.10,0,0,0,0,0,0,0,0,0,0,0,0,0,0,0,0,0,0,1,0,0,0,0,0,0,0,0,0
"Rice (flour, fine)",Riisijauho,75.6 g,6.1 g,0.7 g,2.3 g,0.1 g,333.1 kcal,€ 4.38,0,0,0,0,0,0,0,0,0,0,0,0,0,0,0,0,0,0,1,0,0,0,0,0,0,0,0,0
Rice (for porridges),riisi (Puuro-),77 g,6.7 g,0.8 g,0.9 g,0.01 g,342 kcal,€ 1.99,0,0,0,0,0,0,0,0,0,0,0,0,0,0,0,0,0,0,1,0,0,0,0,0,0,0,0,0
Rice (Jasmine),riisi (Jasmiini-),78 g,8 g,1 g,1 g,0 g,353 kcal,€ 2.95,0,0,0,0,0,0,0,0,0,0,0,0,0,0,0,0,0,0,1,0,0,0,0,0,0,0,0,0
"Rice (mix, organic)","Riisi (mix, luomu)",64.5 g,11.5 g,8.2 g,4 g,0.1 g,377.8 kcal,€ 6.80,0,0,0,0,0,0,0,0,0,0,0,0,0,0,0,0,0,0,1,0,0,0,0,0,0,0,0,0
Rice cakes,Änglamark riisikakku merisuolalla luomu,79 g,7.4 g,3.1 g,3.9 g,0.23 g,373.5 kcal,€ 8.10,0,0,0,0,0,0,0,0,0,0,0,0,0,0,0,0,0,0,1,0,0,0,0,0,0,0,0,0
Ricotta (castelli),Ricotta (castelli),3.5 g,8.8 g,10.9 g,0 g,0.5 g,147.3 kcal,€ 9.80,0,0,0,0,1,0,0,0,1,0,0,0,0,0,0,0,0,0,0,0,0,0,0,0,0,0,0,0
Rosemary (dry),Rosmariini (kuivattu),21 g,4.9 g,15 g,43 g,0.13 g,238.6 kcal,€ 88.95,0,0,0,0,,0,0,0,0,0,0,0,0,0,0,1,0,0,0,0,0,0,0,0,0,0,0,0
Rye (flour),Ruisjauho,60 g,10 g,2 g,16 g,0 g,298 kcal,€ 1.45,0,0,0,1,0,0,0,0,0,0,0,1,0,0,0,0,0,0,0,0,0,0,0,0,0,0,0,0
Rye bread,Oululainen Reissumies Tosi Ohut Ruis,48 g,9.1 g,1.8 g,14 g,1.1 g,244.6 kcal,€ 4.71,0,0,0,1,0,0,0,1,0,0,0,1,0,1,0,0,0,0,0,0,0,0,0,0,0,0,0,0
Rye malt (Kotikalja),Kaljamallas (Tuoppi),68 g,9.7 g,1.6 g,15 g,0 g,325.2 kcal,€ 4.19,0,0,0,1,0,0,0,0,0,0,0,1,0,0,0,0,0,0,0,0,0,0,0,0,0,0,0,0
Rye malt (Mämmi),"Mämmi- ja leipämallas vegaaninen, runsaskuituinen (Tuoppi)",71 g,11 g,1.4 g,11 g,0 g,340.6 kcal,€ 5.29,0,0,0,1,0,0,0,0,0,0,0,1,0,0,0,0,0,0,0,0,0,0,0,0,0,0,0,0
Saaristolaisleipä flour,Saaristolaisleipä jauhoseos runsaskuituinen,55.1 g,7.8 g,1.6 g,6.2 g,0.7 g,266 kcal,€ 4.49,0,0,0,1,0,0,0,1,0,0,0,1,0,0,0,0,0,0,0,0,0,0,0,0,0,0,0,0
Sage (dried),Salvia (kuivattu),20 g,11 g,13 g,40 g,0.03 g,241 kcal,€ 115.83,0,0,0,0,0,0,0,0,0,0,0,0,0,0,0,1,0,0,0,0,0,0,0,0,0,0,0,0
Salt (himalayan),suola (Himalajan ruusu-),0 g,0 g,0 g,0 g,100 g,0 kcal,€ 4.10,0,0,0,0,0,0,0,0,0,0,0,0,0,0,0,0,0,0,0,0,0,0,0,0,0,0,0,0
Salt (marine),suola (Meri-),0 g,0 g,0 g,0 g,100 g,0 kcal,€ 0.99,0,0,0,0,0,0,0,0,0,0,0,0,0,0,0,0,0,0,0,0,0,0,0,0,0,0,0,0
Sesame seeds (black),sesaminsiemen (Musta),5.5 g,18 g,50 g,18 g,0 g,544 kcal,€ 8.00,0,0,0,0,0,0,0,0,0,0,0,0,0,0,0,0,0,0,0,0,0,0,0,0,0,0,0,0
Sesame seeds (unhulled),sesaminsiemen (Kuorimaton),5.5 g,18 g,50 g,18 g,0 g,544 kcal,€ 8.00,0,0,0,0,0,0,0,0,0,0,0,0,0,0,0,0,0,0,0,0,0,0,0,0,0,0,0,0
Soy cream,Soijakerma,1.5 g,4.7 g,2.6 g,0 g,0.07 g,48.2 kcal,€ 2.98,0,0,0,0,0,0,0,0,0,0,0,0,0,0,0,0,0,0,0,0,0,0,1,0,0,0,0,0
Soy milk,Soijajuoma,2.8 g,3.2 g,1.9 g,3.3 g,0.1 g,41.1 kcal,€ 1.49,0,0,0,0,0,0,0,0,0,0,0,0,0,0,0,0,0,0,0,0,0,0,1,0,0,0,0,0
Soy sauce gluteeniton,soijakastike (Gluteeniton),4.9 g,12 g,0 g,0 g,14.6 g,67.6 kcal,€ 19.67,0,0,0,0,0,0,0,0,0,0,0,0,0,0,0,0,0,0,0,0,0,0,1,0,0,0,0,0
Soybean meal,Soijarouhe,33.3 g,53 g,0.8 g,6.5 g,0.02 g,352.4 kcal,€ 6.10,0,0,0,0,0,0,0,0,0,0,0,0,0,0,0,0,0,0,0,0,0,0,1,0,0,0,0,0
"Spelt (organic, flour)",Spelttijauho (Luomu),59 g,15 g,2.6 g,10 g,0 g,319.4 kcal,€ 3.56,0,0,0,1,0,0,0,0,0,0,0,0,0,0,0,0,0,0,0,0,0,0,0,0,0,0,0,0
Spinach (frozen),Pinaatti (pakaste),0.4 g,1.6 g,0.3 g,1.3 g,0 g,10.7 kcal,€ 7.67,0,0,0,0,0,0,0,0,0,0,0,0,0,0,0,0,0,0,0,0,0,0,0,0,0,0,0,0
"Sugar (cane, brown)",sokeri (Tumma ruoko-),94 g,1 g,0.5 g,0.2 g,0.25 g,384.5 kcal,€ 3.78,0,0,0,0,0,0,0,0,0,0,0,0,0,0,0,0,0,0,0,0,0,0,0,0,0,0,0,0
Sugar (cane),sokeri (Luomu ruoko-),99.3 g,0 g,0 g,0.2 g,0 g,397.2 kcal,€ 3.78,0,0,0,0,0,0,0,0,0,0,0,0,0,0,0,0,0,0,0,0,0,0,0,0,0,0,0,0
"Sugar (powdered, organic)",sokeri (Luomutomu-),100 g,0 g,0 g,0 g,0 g,400 kcal,€ 5.18,0,0,0,0,0,0,0,0,0,0,0,0,0,0,0,0,0,0,0,0,0,0,0,0,0,0,0,0
Sugar (powdered),sokeri (Tomu-),100 g,0 g,0 g,0 g,0 g,400 kcal,€ 2.36,0,0,0,0,0,0,0,0,0,0,0,0,0,0,0,0,0,0,0,0,0,0,0,0,0,0,0,0
Sunflower (seeds),Auringonkukansiemen,14 g,20 g,56 g,2.7 g,0 g,640 kcal,€ 6.00,0,0,0,0,0,0,0,0,0,0,0,0,0,0,0,0,0,0,0,0,0,0,0,0,0,0,0,0
Swedes,Lanttu,5 g,1 g,0.2 g,2.2 g,0 g,25.8 kcal,€ 4.00,0,0,0,0,0,0,0,0,0,0,0,0,0,0,0,0,0,0,0,0,0,0,0,0,0,0,0,0
Syrup,Vaalea Luomusiirappi,79 g,0 g,0 g,0 g,0.71 g,316 kcal,€ 5.37,0,0,0,0,0,0,0,0,0,0,0,0,0,0,0,0,0,0,0,0,0,0,0,0,0,0,0,0
"Syrup, dark",siirappi (Tumma-),77 g,0 g,0 g,0 g,0.94 g,308 kcal,€ 2.47,0,0,0,0,0,0,0,0,0,0,0,0,0,0,0,0,0,0,0,0,0,0,0,0,0,0,0,0
Tahini,Tahini,3.9 g,25.3 g,60.3 g,7.8 g,0 g,659.5 kcal,€ 15.00,0,0,0,0,0,0,0,0,0,0,0,0,0,0,0,0,0,0,0,0,0,0,0,0,0,0,0,0
Tapioca (starch),Tapiokatärkkelys,86 g,0 g,0.1 g,0 g,0.03 g,344.9 kcal,€ 7.23,0,0,0,0,0,0,0,0,0,0,0,0,0,0,0,0,0,0,0,0,0,0,0,0,0,0,0,0
Tarragon,Rakuuna (Meira),,,,,,,€ 132.22,0,0,0,0,0,0,0,0,0,0,0,0,0,0,0,1,0,0,0,0,0,0,0,0,0,0,0,0
"Tea (black, organic)",Tee (Luomu musta-),,,,,,,€ 62.19,0,0,0,0,0,0,0,0,0,0,0,0,0,0,0,0,0,0,0,0,0,0,0,0,0,0,0,0
"Tea (green, organic)",Tee (Luomu musta-),,,,,,,€ 58.75,0,0,0,0,0,0,0,0,0,0,0,0,0,0,0,0,0,0,0,0,0,0,0,0,0,0,0,0
Thyme,Timjami,,,,,,,€ 73.08,0,0,0,0,0,0,0,0,0,0,0,0,0,0,0,1,0,0,0,0,0,0,0,0,0,0,0,0
Tofu (silken),"tofu (Jalo-, pehmeä)",2.7 g,5.5 g,2.5 g,0 g,0.1 g,55.3 kcal,€ 7.56,0,0,0,0,0,0,0,0,0,0,0,0,0,0,0,0,0,0,0,0,0,0,1,0,0,0,0,0
Tomatoes (dried),Kuivattu tomaatti,56 g,14 g,3 g,12 g,,307 kcal,€ 17.90,0,0,0,0,0,0,0,0,0,0,0,0,0,0,0,0,0,0,0,0,0,0,0,0,0,0,0,0
Tomatoes (fresh),Tomaatti,3 g,1.2 g,0 g,1 g,0 g,16.8 kcal,€ 5.50,0,0,0,0,0,0,0,0,0,0,0,0,0,0,0,0,0,0,0,0,0,0,0,1,0,0,0,0
Tomatoes (mashed),Tomaattimurska,3 g,1.2 g,0 g,1 g,0 g,16.8 kcal,€ 2.10,0,0,0,0,0,0,0,0,0,0,0,0,0,0,0,0,0,0,0,0,0,0,0,0,0,0,0,0
Tomatoes (peeled),tomaatti (paserattu),3 g,1.2 g,0 g,1 g,0 g,16.8 kcal,€ 2.10,0,0,0,0,0,0,0,0,0,0,0,0,0,0,0,0,0,0,0,0,0,0,0,0,0,0,0,0
Tomatoes (puree),Tomaattipyree (Mutti),17 g,4.2 g,0.2 g,,0.5 g,86.6 kcal,€ 8.38,0,0,0,0,0,0,0,0,0,0,0,0,0,0,0,0,0,0,0,0,0,0,0,0,0,0,0,0
Tortilla (wheat),Tortilla (venhä),53.8 g,7.5 g,10.2 g,1.5 g,1.8 g,337 kcal,€ 6.63,0,0,0,1,0,0,0,1,0,0,0,0,0,0,0,0,0,0,0,0,0,0,0,0,0,0,0,0
Turmeric,Kurkuma,0 g,0 g,0 g,0 g,0 g,0 kcal,€ 20.00,0,0,0,0,0,0,0,0,0,0,0,0,0,0,0,0,0,0,0,0,0,0,0,0,0,0,0,0
Vanilla sugar (organic),Vanillisokeri (Luomu(,93 g,0.6 g,1.2 g,,0 g,385.2 kcal,€ 47.33,0,0,0,0,0,0,0,0,0,0,0,0,0,0,0,0,0,0,0,0,0,0,0,0,0,0,0,0
"Vanille extract, Organic",Vaniljauute,56 g,0 g,0 g,0 g,0 g,224 kcal,€ 119.00,0,0,0,0,0,0,0,0,0,0,0,0,0,0,0,0,0,0,0,0,0,0,0,0,0,0,0,0
"Vanille powder, Organic",Vaniljajauhe,,,,,,,€ 795.00,0,0,0,0,0,0,0,0,0,0,0,0,0,0,0,0,0,0,0,0,0,0,0,0,0,0,0,0
Vinegar (apple),etikka (Omenaviini-),6.5 g,,,,,,€ 7.38,0,0,0,0,0,0,0,0,0,0,0,0,1,0,0,0,0,0,0,0,0,0,0,0,0,0,0,0
Vinegar (balsamic),Tumma kastike,41 g,0.7 g,0.5 g,0 g,1.1 g,171.3 kcal,€ 14.36,0,0,0,0,0,0,0,0,0,0,0,0,0,0,0,0,0,0,0,0,0,0,0,0,0,0,0,0
Vinegar (red wine),etikka (Punaviini-),0.1 g,,,,0.1 g,,€ 7.38,0,0,0,0,0,0,0,0,0,0,0,0,0,0,0,0,0,0,0,0,0,0,0,0,0,0,0,0
Vinegar (spirit),etikka (väkiviina-),0.5 g,0.7 g,0.7 g,0 g,0.6 g,11.1 kcal,€ 0.83,0,0,0,0,0,0,0,0,0,0,0,0,0,0,0,0,0,0,0,0,0,0,0,0,0,0,0,0
Vinegar (white wine),etikka (Valkoviini-),,,,,0.1 g,,€ 7.38,0,0,0,0,0,0,0,0,0,0,0,0,0,0,0,0,0,0,0,0,0,0,0,0,0,0,0,0
Walnut (luomu),Saksanpähkina (luomu),5.3 g,19 g,63 g,0 g,0.03 g,664.2 kcal,€ 22.38,0,0,0,0,0,0,0,0,0,1,0,0,0,0,0,0,0,0,0,0,0,0,0,0,0,0,0,0
Water,Vesi,0 g,0 g,0 g,0 g,0 g,0 kcal,€ 0.00,0,0,0,0,0,0,0,0,0,0,0,0,0,0,0,0,0,0,0,0,0,0,0,0,0,0,0,0
"Wheat (flour, whole)",vehnäjauho (Täysjyvä-),60 g,12 g,2.8 g,12 g,0 g,313.2 kcal,€ 3.00,0,0,0,1,0,0,0,1,0,0,0,0,0,0,0,0,0,0,0,0,0,0,0,0,0,0,0,0
Wheat (flour),Vehnäjauho,72 g,10 g,1 g,3 g,0 g,337 kcal,€ 3.00,0,0,0,1,0,0,0,1,0,0,0,0,0,0,0,0,0,0,0,0,0,0,0,0,0,0,0,0
Xanthan gum,Ksantaani,0 g,5 g,0 g,80 g,10.3 g,20 kcal,€ 54.17,0,0,0,0,0,0,0,0,0,0,0,0,0,0,0,0,0,0,0,0,0,0,0,0,0,0,0,0
Yeast (dry),Kuivahiiva,0 g,0 g,0 g,0 g,0 g,0 kcal,€ 10.73,0,0,0,0,0,0,0,0,0,0,0,0,0,0,0,0,0,0,0,0,0,0,0,0,0,0,0,0
Yeast (fresh),Tuorehiiva,0 g,0 g,0.6 g,12.9 g,0 g,5.4 kcal,€ 4.40,0,0,0,0,0,0,0,0,0,0,0,0,0,0,0,0,0,0,0,0,0,0,0,0,0,0,0,0
"Yogurt (organic, lactose-free)",jogurtti (Laktoositon luonnon-),4.6 g,4.2 g,2.5 g,0 g,0.11 g,57.7 kcal,€ 3.39,0,0,0,0,0,0,0,0,1,0,0,0,0,0,0,0,0,0,0,0,0,0,0,0,0,0,0,0
Yogurt (turkish lactose-free),jogurtti (Laktoositon turkkilainen),3.5 g,4.2 g,10 g,0 g,0.1 g,120.8 kcal,€ 5.17,0,0,0,0,0,0,0,0,1,0,0,0,0,0,0,0,0,0,0,0,0,0,0,0,0,0,0,0
Yogurt (turkish),jogurtti (Turkkilainen),4.1 g,3.4 g,10 g,0 g,0.11 g,120 kcal,€ 4.97,0,0,0,0,1,0,0,0,1,0,0,0,0,0,0,0,0,0,0,0,0,0,0,0,0,0,0,0
Yogurt cream (cow),jogurtti (Kerma-),4.1 g,3.4 g,10 g,0 g,0.11 g,120 kcal,€ 3.00,0,0,0,0,1,0,0,0,1,0,0,0,0,0,0,0,0,0,0,0,0,0,0,0,0,0,0,0
Zucchini,Kesäkurpitsa,7.1 g,0.8 g,0.8 g,2.7 g,0.0127 g,38.8 kcal,€ 7.92,0,0,0,0,0,0,0,0,0,0,0,0,0,0,0,0,0,0,0,0,0,0,0,0,0,0,0,0
